eng,dutch,lev
parallelogram,parallellogram,0.92857
cyprus,cyprus,1
aggression,agressie,0.7
electricity,elektriciteit,0.69231
originality,originaliteit,0.76923
tingle,tintelen,0.625
hardness,hardheid,0.625
mackerel,makreel,0.625
hormone,hormoon,0.71429
co-operation,coöperatie,0.66667
regional,regionaal,0.88889
microbe,microbe,1
politician,politicus,0.7
prize,prijs,0.6
obstruction,obstructie,0.81818
solid,solide,0.83333
succession,successie,0.8
charter,charter,1
bacon,bacon,1
pulse,pols,0.6
blouse,bloes,0.66667
blouse,blouse,1
puppy,puppy,1
puppy,pup,0.6
thunder,donder,0.57143
fossil,fossiel,0.85714
numeral,nummer,0.57143
admiral,admiraal,0.875
specialist,specialist,1
splinter,splinter,1
specialise,specialiseren,0.76923
china,china,1
cult,cultus,0.66667
calculate,calculeren,0.7
substance,substantie,0.8
controversy,controverse,0.90909
spin,spinnen,0.57143
military,militair,0.75
golden,gouden,0.83333
golden,gulden,0.83333
remnant,restant,0.71429
cocaine,cocaïne,0.75
unit,unit,1
sexual,sexueel,0.71429
cannibal,kannibaal,0.77778
moth,mot,0.75
passport,paspoort,0.75
relax,relaxen,0.71429
successful,succesvol,0.7
glass,glas,0.8
hole,hol,0.75
imperialism,imperialisme,0.91667
artillery,artillerie,0.8
absolute,absoluut,0.75
machine,machine,1
how,hoe,0.66667
hop,hop,1
turk,turk,1
classify,classificeren,0.53846
abstraction,abstractie,0.81818
beauty,beauty,1
siberia,siberië,0.75
effective,effectief,0.77778
revolt,revolteren,0.6
alias,alias,1
democratic,democratisch,0.83333
dreamer,dromer,0.71429
auditory,auditorium,0.7
yeti,yeti,1
interrupt,interrumperen,0.61538
scholar,scholier,0.75
toll,tol,0.75
financial,financieel,0.8
crocus,krokus,0.66667
ring,kring,0.8
ring,ring,1
diction,dictie,0.71429
foundation,foundation,1
enormous,enorm,0.625
moment,moment,1
silicon,silicium,0.625
speedy,spoedig,0.57143
whirlwind,wervelwind,0.6
instruct,instrueren,0.6
specially,speciaal,0.77778
basketball,basketbal,0.9
service,service,1
engagement,engagement,1
tango,tango,1
master,meester,0.71429
architect,architect,1
woe,wee,0.66667
bitter,bitter,1
listen,beluisteren,0.54545
listen,luisteren,0.66667
relative,relatief,0.75
lavender,lavendel,0.875
nirvana,nirwana,0.85714
white,wit,0.6
rabbi,rabbijn,0.71429
rabbi,rabbi,1
elegant,elegant,1
project,projecteren,0.63636
project,project,1
urinate,urineren,0.625
dozen,dozijn,0.66667
kidnap,kidnappen,0.66667
person,persoon,0.85714
person,personage,0.66667
metallic,metalen,0.625
divan,divan,1
season,seizoen,0.57143
object,object,1
letter,letter,1
organization,organisatie,0.75
drought,droogte,0.57143
morality,moraliteit,0.7
singer,zanger,0.66667
episode,episode,1
professor,professor,1
camp,kamp,0.75
nettle,netel,0.66667
incomplete,incompleet,0.8
bomb,bom,0.75
presentation,presentatie,0.83333
participate,participeren,0.75
hungary,hongarije,0.55556
menu,menu,1
bust,buste,0.8
population,populatie,0.8
plate,plak,0.6
plate,plaat,0.6
psychiatric,psychiatrisch,0.84615
jaguar,jaguar,1
welcome,verwelkomen,0.54545
welcome,welkom,0.71429
fair,fair,1
radius,radius,1
radius,actieradius,0.54545
result,resulteren,0.6
result,resultaat,0.66667
best,best,1
jargon,jargon,1
solace,soelaas,0.57143
side,zijde,0.6
nature,natuur,0.66667
souvenir,souvenir,1
accident,accident,1
stow,stouwen,0.57143
sublime,subliem,0.71429
logic,logica,0.83333
parable,parabel,0.71429
blonde,blond,0.83333
chrome,chroom,0.66667
interpret,interpreteren,0.69231
stadium,stadium,1
stadium,stadion,0.71429
privilege,privilege,1
pancreas,pancreas,1
incompetent,incompetent,1
eastern,oosters,0.57143
onyx,onyx,1
commerce,commercie,0.88889
calcium,calcium,1
doormat,deurmat,0.71429
equator,equator,1
harmony,harmonie,0.75
boiler,boiler,1
academic,academisch,0.8
academic,academicus,0.8
eroticism,erotiek,0.55556
distribute,distribueren,0.75
alum,aluin,0.6
ham,ham,1
sterile,steriel,0.71429
thermometer,thermometer,1
gangrene,gangreen,0.75
shadow,schaduw,0.71429
psychological,psychologisch,0.76923
right,recht,0.6
old,oud,0.66667
creek,beek,0.6
crown,kroon,0.6
prick,prikken,0.57143
prick,prik,0.8
prick,pik,0.6
sociology,sociologie,0.8
creative,creatief,0.75
hindu,hindoe,0.66667
post,post,1
trampoline,trampoline,1
stutter,stotteren,0.66667
defensive,defensief,0.77778
anagram,anagram,1
lackey,lakei,0.66667
facility,faciliteit,0.7
yen,yen,1
gargle,gorgelen,0.625
constantly,constant,0.8
tame,tam,0.75
vector,vector,1
offer,offreren,0.625
offer,offerte,0.71429
fascination,fascinatie,0.81818
shoot,loot,0.6
hemisphere,hemisfeer,0.7
myopia,myopie,0.83333
palm,palm,1
passenger,passagier,0.66667
sight,zicht,0.6
accounting,accountancy,0.72727
eventual,eventueel,0.77778
floor,vloer,0.6
actor,acteur,0.66667
flood,vloed,0.6
republic,republiek,0.77778
ambitious,ambitieus,0.88889
breadth,breedte,0.71429
irrigation,irrigatie,0.8
crocodile,krokodil,0.66667
per,per,1
ballet,ballet,1
uneven,oneffen,0.57143
uneven,oneven,0.83333
calorie,calorie,1
recipe,recept,0.66667
thermos,thermosfles,0.63636
minute,minuut,0.66667
team,team,1
bulldozer,bulldozer,1
sign,signaal,0.57143
erotic,erotisch,0.75
melt,smelten,0.57143
ground,grond,0.83333
badge,badge,1
magnetism,magnetisme,0.9
address,adres,0.71429
brilliant,briljant,0.77778
stencil,stencil,1
therein,erin,0.57143
synonym,synoniem,0.75
radish,radijs,0.66667
prefer,prefereren,0.6
logical,logisch,0.57143
bloody,bloedig,0.57143
working,werken,0.57143
positive,positief,0.75
refrain,refrein,0.85714
visual,visueel,0.71429
appendix,appendix,1
degrade,degraderen,0.7
wool,wol,0.75
pretend,pretenderen,0.63636
abortion,abortus,0.625
snot,snot,1
romanticism,romantiek,0.63636
soup,soep,0.75
parachute,parachute,1
litre,liter,0.6
winter,winter,1
immune,immuun,0.66667
parameter,parameter,1
edinburgh,edinburgh,1
jazz,jazz,1
spot,spat,0.75
stress,stress,1
mango,mango,1
mango,manga,0.8
footstep,voetstap,0.625
epilepsy,epilepsie,0.77778
tendency,tendens,0.75
accordion,accordeon,0.88889
attraction,attractie,0.8
antipathy,antipathie,0.8
swastika,swastika,1
ideal,ideaal,0.83333
insomnia,insomnie,0.875
nation,natie,0.66667
amulet,amulet,1
pastille,pastille,1
nil,nul,0.66667
bowling,bowling,1
quarter,kwartier,0.625
warmly,warm,0.66667
minority,minoriteit,0.7
canvas,canvas,1
container,container,1
formula,formule,0.85714
million,miljoen,0.57143
seventy,zeventig,0.625
training,training,1
flanders,vlaanderen,0.6
antenna,antenne,0.85714
emotion,emotie,0.71429
intuition,intuïtie,0.55556
saving,besparing,0.55556
symmetry,symmetrie,0.77778
clause,clausule,0.75
periodical,periodiek,0.7
spanish,spaans,0.57143
open,openen,0.66667
open,open,1
boulevard,boulevard,1
bite,bijten,0.66667
shawl,sjaal,0.6
ridiculous,ridicuul,0.7
boyfriend,vriend,0.55556
iceberg,ijsberg,0.71429
argument,argument,1
balsam,balsem,0.83333
pornography,pornografie,0.72727
zoo,zoo,1
note,notitie,0.57143
note,noteren,0.57143
note,nota,0.75
poster,poster,1
knee,knie,0.75
wind,wind,1
surplus,surplus,1
lotus,lotus,1
diode,diode,1
atom,atoom,0.8
aggressive,agressief,0.7
hockey,hockey,1
hockey,ijshockey,0.66667
dispute,dispuut,0.71429
psychiatrist,psychiater,0.66667
assistant,assistent,0.88889
assistant,assistente,0.8
gazette,gazet,0.71429
artist,artiest,0.85714
assimilate,assimileren,0.72727
vision,visie,0.66667
vision,visioen,0.85714
keyboard,keyboard,1
diver,duiker,0.66667
morocco,marokko,0.57143
bureau,bureel,0.66667
bureau,bureau,1
supermarket,supermarkt,0.90909
adept,adept,1
spare,sparen,0.83333
spare,uitsparen,0.55556
spare,besparen,0.625
millionaire,miljonair,0.72727
personal,persoonlijk,0.54545
boat,boot,0.75
almighty,almachtig,0.55556
cosine,cosinus,0.71429
reflex,reflex,1
observe,observeren,0.7
diffuse,diffuus,0.71429
jute,jute,1
fin,vin,0.66667
pretence,pretentie,0.77778
situation,situatie,0.77778
penthouse,penthouse,1
aluminium,aluminium,1
canoe,kano,0.6
canon,canon,1
binary,binair,0.66667
parliament,parlement,0.8
barber,barbier,0.85714
advertisement,advertentie,0.53846
vacant,vacant,1
dimension,dimensie,0.77778
sceptre,scepter,0.71429
generator,generator,1
silver,zilver,0.83333
silver,zilveren,0.625
skunk,skunk,1
around,rond,0.66667
vacuum,vacuüm,0.71429
world,wereld,0.66667
clan,clan,1
amputation,amputeren,0.6
amputation,amputatie,0.8
preference,preferentie,0.81818
superiority,superioriteit,0.76923
claw,klauw,0.6
polo,polo,1
noon,noen,0.75
lend,lenen,0.6
leadership,leiderschap,0.72727
frenchman,fransman,0.66667
rosemary,rozemarijn,0.6
industry,industrie,0.77778
slender,tenger,0.57143
meal,meel,0.75
meal,maal,0.75
act,act,1
act,actie,0.6
jasper,jaspis,0.66667
wasp,wesp,0.75
complete,compleet,0.75
complete,completeren,0.72727
monopoly,monopolie,0.77778
flirt,flirten,0.71429
west,west,1
west,westen,0.66667
rust,roest,0.6
ah,ach,0.66667
ah,ah,1
as,als,0.66667
cathedral,kathedraal,0.8
yoga,yoga,1
psychiatry,psychiatrie,0.81818
thorn,doorn,0.6
mask,masker,0.66667
kilogram,kilogram,1
mast,mast,1
mass,massa,0.8
original,origineel,0.77778
ceramic,keramisch,0.66667
pornographic,pornografisch,0.69231
to,tot,0.66667
norm,norm,1
condition,conditie,0.77778
dinosaur,dinosauriër,0.66667
dinosaur,dinosaurus,0.8
pass,pass,1
pass,pas,0.75
investment,investering,0.63636
clock,klok,0.6
pirate,piraat,0.66667
method,methode,0.85714
contrast,contrast,1
contrast,contrasteren,0.66667
solidarity,solidariteit,0.75
legend,legende,0.85714
sender,afzender,0.625
sender,zender,0.83333
vietnamese,vietnamees,0.8
hamster,hamster,1
action,actie,0.66667
vest,vest,1
select,selecteren,0.6
literary,literair,0.75
petroleum,petroleum,1
pearl,parel,0.6
ballad,ballade,0.85714
company,compagnie,0.66667
telephone,telefoneren,0.54545
telephone,telefoon,0.66667
nomad,nomade,0.83333
learn,leren,0.6
ingredient,ingrediënt,0.81818
stewardess,stewardess,1
prompt,prompt,1
gallop,galop,0.83333
accept,accepteren,0.6
kenya,kenia,0.8
schoolgirl,schoolmeisje,0.58333
gallon,gallon,1
impulse,impuls,0.85714
plant,beplanten,0.55556
plant,plant,1
lanky,lang,0.6
plane,plan,0.8
authentic,authentiek,0.8
flutter,flirten,0.57143
register,register,1
register,registreren,0.72727
fundamental,fundamenteel,0.83333
geographic,geografisch,0.63636
mexican,mexicaan,0.875
mexican,mexicaans,0.77778
embassy,ambassade,0.55556
astrology,astrologie,0.8
sensual,sensueel,0.75
poetic,poëtisch,0.55556
sauce,saus,0.6
colleague,collega,0.66667
gadget,gadget,1
eloquence,eloquentie,0.8
lantern,lantaarn,0.75
week,week,1
england,engeland,0.875
resolute,resoluut,0.75
reduce,reduceren,0.66667
prose,proza,0.6
operation,operatie,0.77778
lipstick,lippenstift,0.54545
porcelain,porselein,0.77778
director,directeur,0.77778
albatross,albatros,0.88889
spinach,spinazie,0.625
cyanide,cyanide,1
castle,kasteel,0.57143
euphemism,eufemisme,0.66667
major,majoor,0.83333
number,nummeren,0.625
number,nummer,0.83333
florist,bloemist,0.625
stage,statie,0.66667
stage,stellage,0.625
guest,gast,0.6
introduction,introductie,0.83333
tradition,traditie,0.77778
saint,sint,0.8
appreciation,appreciatie,0.83333
plus,plus,1
typhoon,tyfoon,0.71429
consult,consulteren,0.63636
theater,theater,1
grace,gratie,0.66667
pear,peer,0.75
ranch,ranch,1
uncomfortable,oncomfortabel,0.76923
graffiti,graffiti,1
blond,blond,1
ballerina,ballerina,1
spaghetti,spaghetti,1
self,zelf,0.75
internal,intern,0.75
analogy,analogie,0.75
hypochondriac,hypochonder,0.69231
nasal,nasaal,0.83333
plan,plan,1
plan,plannen,0.57143
orchid,orchidee,0.75
oyster,oester,0.83333
artistic,artistiek,0.77778
bulletin,bulletin,1
golf,golf,1
impact,impact,1
enzyme,enzym,0.83333
condom,condoom,0.85714
factor,factor,1
typhus,tyfus,0.66667
gratis,gratis,1
remedy,remedie,0.71429
compass,kompas,0.71429
caramel,karamel,0.85714
obscure,obscuur,0.71429
river,rivier,0.83333
outlaw,outlaw,1
overwhelm,overstelpen,0.54545
jade,jade,1
nibble,knabbelen,0.55556
surrealism,surrealisme,0.90909
contour,contour,1
microscopic,microscopisch,0.84615
compliment,compliment,1
compliment,complimenteren,0.71429
europe,europa,0.83333
subject,subject,1
incident,incident,1
last,laatst,0.66667
opal,opaal,0.8
amoeba,amoebe,0.83333
electrician,elektricien,0.81818
majesty,majesteit,0.66667
bell,bel,0.75
begonia,begonia,1
satire,satire,1
verse,vers,0.8
extravagant,extravagant,1
firm,ferm,0.75
firm,firma,0.8
champion,kampioen,0.625
infect,infecteren,0.6
fund,fonds,0.6
systematic,systematisch,0.83333
consulate,consulaat,0.77778
budget,budget,1
pound,pond,0.8
agitation,agitatie,0.77778
serum,serum,1
specimen,specimen,1
cigar,sigaar,0.66667
alert,alert,1
recent,recent,1
octave,octaaf,0.66667
concrete,concreet,0.75
inflation,inflatie,0.77778
telegram,telegram,1
aroma,aroma,1
sandal,sandaal,0.85714
grapefruit,grapefruit,1
location,locatie,0.75
australia,australië,0.8
quest,queeste,0.71429
flannel,flanel,0.85714
spine,spin,0.8
continue,continueren,0.72727
spring,ontspringen,0.54545
spring,springveer,0.6
spring,springen,0.75
promotion,promotie,0.77778
curious,curieus,0.85714
mummy,mummie,0.66667
religion,religie,0.75
temple,tempel,0.66667
idealistic,idealistisch,0.83333
inspector,inspecteur,0.8
penicillin,penicilline,0.90909
repair,reparatie,0.55556
repair,repareren,0.55556
integral,integraal,0.88889
insecticide,insecticide,1
arcade,arcade,1
sock,sok,0.75
pastor,pastor,1
pastor,pastoor,0.85714
archaic,archaïsch,0.6
line,linie,0.8
idea,idee,0.75
observation,observatie,0.81818
astronomer,astronoom,0.7
slander,laster,0.57143
medical,medicinaal,0.7
medical,medisch,0.57143
hornet,horzel,0.66667
diverse,divers,0.85714
graceful,gracieus,0.625
hail,hagel,0.6
paradox,paradox,1
uranium,uranium,1
energetic,energiek,0.55556
land,land,1
urgency,urgentie,0.625
fresh,fris,0.6
hello,hallo,0.8
code,code,1
partial,partieel,0.75
totem,totem,1
luxembourg,luxemburg,0.9
turkish,turks,0.71429
hunger,honger,0.83333
young,jong,0.6
street,straat,0.66667
torture,tortuur,0.71429
magic,magisch,0.71429
magic,magie,0.8
race,racen,0.8
race,race,1
athlete,atleet,0.57143
mediterranean,mediterraan,0.84615
ode,ode,1
index,index,1
index,indexeren,0.55556
apparatus,apparaat,0.66667
punch,punch,1
licence,licentie,0.75
fifteen,vijftien,0.625
physiology,fysiologie,0.6
impressionism,impressionisme,0.92857
great,groot,0.6
engage,engageren,0.66667
casino,casino,1
popcorn,popcorn,1
opinion,opinie,0.71429
cupid,cupido,0.83333
causal,causaal,0.85714
certificate,certificaat,0.81818
archbishop,aartsbisschop,0.61538
shipwreck,schipbreuk,0.7
pygmy,pygmee,0.66667
baby,baby,1
oh,oh,1
oh,och,0.66667
reproduce,reproduceren,0.75
process,proces,0.85714
high,high,1
martyr,martelaar,0.55556
trumpet,trompet,0.85714
comedy,komedie,0.57143
establishment,etablissement,0.76923
pub,pub,1
hawk,havik,0.6
tomato,tomaat,0.66667
robot,robot,1
element,element,1
transformation,transformatie,0.85714
antelope,antilope,0.875
producer,producent,0.77778
insight,inzicht,0.71429
spatula,spatel,0.71429
comma,komma,0.8
perfect,perfect,1
hobby,hobby,1
isolation,isolatie,0.77778
ship,schip,0.8
dock,dok,0.75
realize,realiseren,0.6
intelligent,intelligent,1
beneath,beneden,0.57143
stock,stock,1
watery,waterig,0.71429
beginner,beginneling,0.63636
beginner,beginner,1
frequency,frequentie,0.7
banal,banaal,0.83333
disco,disco,1
agriculture,agricultuur,0.81818
goalkeeper,keeper,0.6
matrix,matrix,1
microscope,microscoop,0.8
fatherland,vaderland,0.7
tempo,tempo,1
graze,grazen,0.83333
sanatorium,sanatorium,1
fertility,fertiliteit,0.72727
biosphere,biosfeer,0.66667
length,lengte,0.83333
pudding,pudding,1
serenity,sereniteit,0.7
manuscript,manuscript,1
manuscript,handschrift,0.63636
start,start,1
start,starten,0.71429
festival,festival,1
festival,festiviteit,0.54545
system,systeem,0.85714
imitate,imiteren,0.625
iota,jota,0.75
steel,staal,0.6
valley,vallei,0.83333
split,splijten,0.625
split,splitsen,0.625
commandant,commandant,1
psalm,psalm,1
agate,agaat,0.6
FALSE,vals,0.6
deodorant,deodorant,1
linen,linnen,0.83333
accuracy,accuratesse,0.54545
visa,visum,0.6
medal,medaille,0.625
hypocrite,hypocriet,0.77778
fiasco,fiasco,1
atmosphere,atmosfeer,0.7
bring,brengen,0.57143
manchester,manchester,1
pause,pauze,0.8
jam,jam,1
hope,hopen,0.8
handle,handvat,0.57143
handle,handgreep,0.55556
handle,behandelen,0.6
listener,luisteraar,0.6
rector,rector,1
antagonist,antagonist,1
denmark,denemarken,0.7
stuff,stof,0.6
edition,editie,0.71429
electrode,elektrode,0.88889
nuclear,nucleair,0.875
physicist,fysicus,0.55556
seventeen,zeventien,0.77778
drug,drug,1
conclude,concluderen,0.72727
incest,incest,1
genetic,genetisch,0.77778
social,sociaal,0.85714
tyranny,tirannie,0.625
homosexual,homosexueel,0.81818
altruism,altruïsme,0.7
prelude,prelude,1
snack,snack,1
whenever,wanneer,0.625
lust,wellust,0.57143
tenor,tenor,1
conserve,conserveren,0.72727
cremation,crematie,0.77778
romance,romance,1
vocabulary,vocabulaire,0.81818
balm,balsem,0.66667
ball,bal,0.75
drink,drank,0.8
drink,drinken,0.71429
diabetes,diabetes,1
priest,priester,0.75
fascinate,fascineren,0.7
idiot,idioot,0.83333
spelt,spelt,1
command,commando,0.875
command,commanderen,0.63636
web,web,1
generous,genereus,0.875
transparent,transparant,0.90909
arrest,arresteren,0.6
arrest,arrest,1
arrest,arrestatie,0.6
combine,combineren,0.7
belgium,belgië,0.71429
garage,autogarage,0.6
garage,garage,1
amendment,amendement,0.9
freshness,frisheid,0.55556
thief,dief,0.6
daylight,daglicht,0.75
gymnastics,gymnastiek,0.8
copulation,copulatie,0.8
castrate,castreren,0.66667
biology,biologie,0.75
pressure,pressie,0.75
iris,iris,1
sister,zuster,0.66667
concession,concessie,0.8
underground,ondergronds,0.72727
lung,long,0.75
commission,commissie,0.8
caviar,kaviaar,0.71429
frustration,frustratie,0.81818
function,functioneren,0.66667
function,functie,0.75
interest,interest,1
interest,interesseren,0.58333
interest,interesse,0.77778
construction,constructie,0.83333
sportsman,sporter,0.55556
sportsman,sportman,0.88889
evident,evident,1
monument,monument,1
static,statisch,0.75
distribution,distributie,0.83333
replica,replica,1
variety,variatie,0.625
agoraphobia,agorafobie,0.72727
scandal,schandaal,0.77778
illusion,illusie,0.75
monday,maandag,0.57143
worker,werker,0.83333
worker,werknemer,0.55556
epilogue,epiloog,0.625
ghost,geest,0.6
droplet,druppel,0.57143
lift,lift,1
pension,pensioen,0.875
rural,ruraal,0.83333
magnetic,magnetisch,0.8
controversial,controversieel,0.85714
amorous,amoureus,0.75
geology,geologie,0.75
hilarious,hilarisch,0.66667
mania,manie,0.8
special,special,1
special,speciaal,0.875
chapel,kapel,0.66667
daydream,dagdroom,0.625
nigger,nikker,0.66667
disc,discus,0.66667
triumph,triomf,0.57143
advocate,advocaat,0.75
monotonous,monotoon,0.7
telegraph,telegraaf,0.77778
horn,hoorn,0.8
chef,chef,1
guillotine,guillotine,1
above,daarboven,0.55556
above,boven,0.6
daughter,dochter,0.625
anarchist,anarchist,1
anarchist,anarchistisch,0.69231
diameter,diameter,1
satellite,satelliet,0.77778
sergeant,sergeant,1
total,totaal,0.83333
alligator,alligator,1
sweater,sweater,1
escapism,escapisme,0.88889
word,woord,0.8
work,werk,0.75
mechanic,mecanicien,0.6
quiver,huiveren,0.625
quiver,huivering,0.55556
india,india,1
heartless,harteloos,0.55556
chameleon,kameleon,0.77778
vassal,vazal,0.66667
interview,interview,1
ladder,ladder,1
after,achter,0.66667
hasty,haastig,0.57143
appreciate,appreciëren,0.66667
psychologist,psychologe,0.75
psychologist,psycholoog,0.66667
greet,groeten,0.57143
stimulate,stimuleren,0.7
greek,grieks,0.66667
greek,griek,0.8
green,groen,0.8
ambulance,ambulance,1
order,orde,0.8
order,order,1
tinkle,rinkelen,0.625
production,productie,0.8
coffee,koffie,0.66667
fragment,fragment,1
fragment,fragmenteren,0.66667
scene,scène,0.66667
break,breuk,0.8
band,bende,0.6
band,band,1
baggage,bagage,0.85714
bank,bank,1
bread,brood,0.6
germanic,germaans,0.625
stimulus,stimulatie,0.6
train,trein,0.8
train,trainen,0.71429
hostel,hostel,1
diesel,dieselmotor,0.54545
diesel,diesel,1
medicine,medicijn,0.75
hooker,hoer,0.66667
barrier,barrière,0.66667
triangle,triangel,0.75
standard,standaard,0.88889
organize,organiseren,0.63636
another,ander,0.57143
electronic,electronisch,0.83333
electronic,elektronisch,0.75
emblem,embleem,0.85714
meteorology,meteorologie,0.83333
historical,historisch,0.7
minus,minus,1
minus,min,0.6
bronchitis,bronchitis,1
pessimism,pessimisme,0.9
manner,manier,0.83333
iceland,ijsland,0.71429
what,wat,0.75
anatomy,anatomie,0.75
phase,fase,0.6
grave,graf,0.6
grave,groeve,0.66667
notion,notie,0.66667
pack,pak,0.75
precarious,precair,0.6
toilet,toilet,1
toast,toast,1
just,juist,0.8
just,zojuist,0.57143
adequate,adequaat,0.75
degradation,degradatie,0.81818
singapore,singapore,1
humanism,humanisme,0.88889
humanist,humanist,1
steam,stoom,0.6
secretary,secretaresse,0.66667
secretary,secretaris,0.8
human,humaan,0.83333
aggressor,agressor,0.88889
lemonade,limonade,0.875
iran,iran,1
pastel,pastel,1
gentleman,gentleman,1
cooperation,coöperatie,0.63636
accord,akkoord,0.57143
handful,handvol,0.71429
handshake,handdruk,0.55556
climate,klimaat,0.57143
spear,speer,0.8
massive,massief,0.71429
massive,massaal,0.57143
accentuate,accentueren,0.72727
flexible,flexibel,0.75
warmth,warmte,0.83333
salon,salon,1
seville,sevilla,0.85714
shoemaker,schoenmaker,0.81818
abrupt,abrupt,1
cylinder,cilinder,0.875
sticker,sticker,1
hebrew,hebreeuws,0.66667
grandiose,grandioos,0.77778
patent,patent,1
swell,zwellen,0.57143
hang,hangen,0.66667
hand,hand,1
microbiology,microbiologie,0.84615
client,cliënt,0.71429
musical,musical,1
musical,muzikaal,0.625
athletic,atletisch,0.66667
photo,foto,0.6
transformer,transformator,0.76923
starboard,stuurboord,0.7
passive,passief,0.71429
alchemy,alchemie,0.75
board,bord,0.8
plasma,plasma,1
shoulder,schouder,0.75
arab,arabier,0.57143
boxer,bokser,0.66667
cape,cape,1
retreat,retraite,0.625
sombre,somber,0.66667
night,nacht,0.6
polyp,poliep,0.66667
antique,antiek,0.57143
portuguese,portugees,0.8
born,geboren,0.57143
bore,boren,0.8
criminology,criminologie,0.83333
purple,purper,0.66667
herring,haring,0.71429
columbus,columbus,1
pose,poseren,0.57143
pose,pose,1
illustration,illustratie,0.83333
constructive,constructief,0.83333
banker,bankier,0.85714
horizon,horizon,1
octopus,octopus,1
dilemma,dilemma,1
mantle,mantel,0.66667
utopian,utopisch,0.625
wax,was,0.66667
myth,mythe,0.8
converse,converseren,0.72727
TRUE,trouw,0.6
absent,absent,1
input,input,1
maximum,maximum,1
maximum,maximaal,0.625
crystal,kristal,0.71429
macabre,macaber,0.71429
emotional,emotioneel,0.8
aorta,aorta,1
abstract,abstract,1
israel,israël,0.71429
trombone,trombone,1
mole,mol,0.75
reality,realiteit,0.66667
test,testen,0.66667
test,test,1
mechanical,mechanisch,0.7
mechanical,machinaal,0.6
omega,omega,1
interval,interval,1
loyal,loyaal,0.83333
reception,receptie,0.77778
igloo,iglo,0.8
concept,concept,1
diplomacy,diplomatie,0.7
dance,dansen,0.66667
dance,dans,0.6
consul,consul,1
idealism,idealisme,0.88889
zone,zone,1
must,most,0.75
compensate,compenseren,0.72727
terror,terreur,0.71429
idealist,idealist,1
brown,bruin,0.6
kitten,kitten,1
fragile,fragiel,0.71429
gum,gom,0.66667
gum,gummi,0.6
diarrhoea,diarree,0.66667
brave,braaf,0.6
agitate,agiteren,0.625
thinker,denker,0.57143
helpless,hulpeloos,0.55556
cargo,cargo,1
assistance,assistentie,0.72727
uniform,uniform,1
appeal,appèl,0.66667
appeal,appel,0.83333
explosion,explosie,0.77778
muslin,mousseline,0.6
goldfish,goudvis,0.625
extra,extra,1
pony,pony,1
marker,marker,1
market,markt,0.83333
terminal,terminaal,0.88889
terminal,terminal,1
aborigine,aboriginal,0.8
live,leven,0.6
matador,matador,1
entrance,entree,0.625
club,club,1
logarithm,logaritme,0.77778
catechism,catechismus,0.81818
cap,kap,0.66667
cat,kat,0.66667
heart,hart,0.8
chic,chic,1
bankrupt,bankroet,0.75
discussion,discussie,0.8
lounge,lounge,1
photography,fotografie,0.54545
crucifix,crucifix,1
product,product,1
product,productie,0.77778
escalate,escaleren,0.66667
drastic,drastisch,0.77778
typical,typisch,0.57143
indeed,inderdaad,0.55556
brain,brein,0.8
braid,band,0.6
ethic,ethiek,0.66667
inefficiency,inefficiëntie,0.64286
correspondence,correspondentie,0.86667
introduce,introduceren,0.75
adrenaline,adrenaline,1
half,half,1
half,helft,0.6
now,nou,0.66667
discuss,discussiëren,0.53846
halo,halo,1
concerto,concerto,1
respectable,respectabel,0.81818
drop,drop,1
domain,domein,0.83333
album,album,1
terrorist,terrorist,1
immigrant,immigrant,1
rational,rationeel,0.77778
epistle,epistel,0.71429
screw,schroef,0.57143
rebel,rebel,1
obligation,obligatie,0.8
marine,marinier,0.75
reflect,reflecteren,0.63636
homily,homilie,0.71429
british,brits,0.71429
invitation,invitatie,0.8
blind,blind,1
tennis,tennis,1
nova,nova,1
width,wijdte,0.66667
tragic,tragisch,0.75
carousel,carrousel,0.88889
friend,vriend,0.83333
friend,vriendin,0.625
television,televisie,0.8
crack,krak,0.6
optimism,optimisme,0.88889
karate,karate,1
magnesium,magnesium,1
optimist,optimist,1
angel,engel,0.8
grotto,grot,0.66667
correction,correctie,0.8
premier,premier,1
slap,klap,0.75
slap,slaan,0.6
slag,slak,0.75
rook,roek,0.75
objective,objectief,0.77778
begin,beginnen,0.625
shade,schaduw,0.57143
sledge,slee,0.66667
sledge,slede,0.83333
price,prijs,0.6
dream,droom,0.6
aerosol,aërosol,0.75
pattern,patroon,0.57143
professional,professioneel,0.84615
syndicate,syndicaat,0.77778
geography,geografie,0.66667
ratio,ratio,1
title,betitelen,0.55556
title,titel,0.6
proclamation,proclamatie,0.83333
proportion,proportie,0.8
texture,textuur,0.71429
otter,otter,1
shrill,schril,0.66667
alcoholism,alcoholisme,0.90909
toffee,toffee,1
cannon,kanon,0.66667
cannon,canon,0.83333
pistol,pistool,0.85714
leather,leder,0.57143
schism,schisma,0.85714
concert,concert,1
burst,barst,0.8
burst,barsten,0.57143
explosive,explosief,0.77778
sport,sport,1
glaze,glazuur,0.57143
glaze,glazuren,0.625
glaze,glanzen,0.71429
mandarin,mandarijn,0.88889
import,importeren,0.6
monarchy,monarchie,0.77778
pluck,plukken,0.57143
article,artikel,0.57143
talented,talentvol,0.66667
talented,getalenteerd,0.66667
monk,monnik,0.66667
propaganda,propaganda,1
aura,aura,1
comet,komeet,0.66667
liberal,liberaal,0.875
tropical,tropisch,0.625
termite,termiet,0.71429
dictator,dictator,1
technical,technisch,0.66667
wonderful,wonderbaar,0.6
external,extern,0.75
prehistoric,prehistorisch,0.84615
stand,staan,0.6
handicapped,gehandicapt,0.54545
alcoholic,alcoholicus,0.81818
alcoholic,alcoholist,0.8
metric,metriek,0.71429
commander,commandant,0.7
beaver,bever,0.83333
waterway,waterweg,0.75
helium,helium,1
intelligently,intelligent,0.84615
gravel,gravel,1
document,document,1
noble,nobel,0.6
cymbal,cimbaal,0.71429
fruit,fruit,1
apostrophe,apostrof,0.7
swallow,zwaluw,0.57143
mentally,mentaal,0.75
in,in,1
poplar,populier,0.625
puree,puree,1
coordinate,coördineren,0.58333
taxi,taxi,1
neon,neon,1
touch,toucheren,0.55556
speed,spoed,0.8
role,rol,0.75
real,real,1
frown,fronsen,0.57143
spectacular,spectaculair,0.91667
larva,larve,0.8
fortune,fortuin,0.71429
collective,collectief,0.8
greeting,begroeting,0.7
miracle,mirakel,0.57143
laugh,lach,0.6
rage,razen,0.6
perverse,pervers,0.875
sling,slingeren,0.55556
preacher,prediker,0.625
conservative,conservatief,0.83333
deficit,deficit,1
ethos,ethos,1
business,business,1
equivalent,equivalent,1
bazaar,bazaar,1
central,centraal,0.875
sensuous,sensueel,0.625
swimmer,zwemmer,0.71429
wolf,wolf,1
renovate,renoveren,0.66667
bedtime,bedtijd,0.71429
stoke,stoken,0.83333
elementary,elementair,0.8
racquet,racket,0.71429
stare,aanstaren,0.55556
stare,staren,0.83333
area,areaal,0.66667
lot,lot,1
scale,scala,0.8
printer,printer,1
tyrant,tiran,0.66667
lymph,lymfe,0.6
hire,huren,0.6
fraud,fraude,0.83333
circulation,circulatie,0.81818
define,definiëren,0.54545
juggler,jongleur,0.625
describe,beschrijven,0.54545
absurdity,absurditeit,0.72727
anarchy,anarchie,0.75
mathematics,mathematica,0.90909
you,jou,0.66667
poor,pover,0.6
polar,polair,0.83333
authoritarian,autoritair,0.69231
pool,poel,0.75
studio,studio,1
apathy,apathie,0.71429
hard-working,hardwerkend,0.66667
moonlight,maanlicht,0.66667
overseas,overzees,0.75
overseas,overzee,0.625
skeleton,skelet,0.75
religious,religieus,0.88889
carpet,karpet,0.83333
corps,corps,1
corps,korps,0.8
paradise,paradijs,0.75
screwdriver,schroevedraaier,0.53333
me,me,1
manager,menner,0.57143
manager,manager,1
study,studie,0.66667
anal,anaal,0.8
locomotive,locomotief,0.8
still,stil,0.8
orgasm,orgasme,0.85714
ma,ma,1
loose,los,0.6
excess,exces,0.83333
arena,arena,1
vegetarian,vegetarisch,0.72727
vegetarian,vegetariër,0.72727
soldier,soldaat,0.57143
heroin,heroïne,0.625
technique,techniek,0.66667
shuffle,schuifelen,0.6
family,familie,0.71429
conventional,conventioneel,0.84615
mysterious,mysterieus,0.9
excuse,excuseren,0.66667
excuse,excuus,0.66667
grill,grill,1
grill,grillen,0.71429
coalition,coalitie,0.77778
parasol,parasol,1
spontaneous,spontaan,0.54545
history,historie,0.75
arabia,arabië,0.71429
technological,technologisch,0.76923
tattoo,taptoe,0.66667
sceptic,scepticus,0.77778
idiocy,idiotie,0.57143
horizontal,horizontaal,0.90909
morphine,morfine,0.75
ego,ego,1
help,helpen,0.66667
help,hulp,0.75
reservoir,reservoir,1
hierarchy,hiërarchie,0.63636
urine,urine,1
indigestion,indigestie,0.81818
committee,comité,0.55556
hell,hel,0.75
clarinet,klarinet,0.875
exact,exact,1
lateral,lateraal,0.875
absence,absentie,0.75
foot,poot,0.75
stopper,stop,0.57143
stopper,stekker,0.57143
decimal,decimaal,0.875
democrat,democraat,0.88889
event,evenement,0.55556
magnet,magneet,0.85714
since,sinds,0.6
fountain,fontein,0.75
lord,lord,1
grimace,grimas,0.71429
bass,baars,0.6
bass,bassist,0.57143
bass,bas,0.75
base,basis,0.6
base,baseren,0.57143
ash,as,0.66667
pus,pus,1
revolutionary,revolutionair,0.84615
sheikh,sjeik,0.66667
american,amerikaanse,0.63636
american,amerikaan,0.77778
heartbeat,hartslag,0.55556
elder,vlier,0.6
elder,ouder,0.6
miss,missen,0.66667
blossom,bloesem,0.71429
station,station,1
station,statie,0.71429
hundred,honderd,0.57143
banana,banaan,0.66667
consonant,consonant,1
anticipate,anticiperen,0.72727
bride,bruid,0.6
utopia,utopie,0.83333
garrison,garnizoen,0.66667
contraception,contraceptie,0.84615
urgently,urgent,0.75
null,nul,0.75
gathering,vergadering,0.54545
trance,trance,1
scotland,schotland,0.88889
camouflage,camouflage,1
camouflage,camoufleren,0.72727
lip,lip,1
quota,quotum,0.66667
promenade,promenade,1
watt,watt,1
alpha,alfa,0.6
salary,salaris,0.71429
mobile,mobiel,0.66667
clear,klaar,0.6
flicker,flikkeren,0.66667
flicker,flakkeren,0.55556
caries,cariës,0.71429
translation,translatie,0.81818
dominant,dominant,1
zambia,zambia,1
capsule,capsule,1
co-operate,coöpereren,0.54545
perfume,parfumeren,0.6
perfume,parfum,0.71429
switzerland,zwitserland,0.81818
cramp,kramp,0.8
patriotism,patriottisme,0.83333
plausible,plausibel,0.77778
culture,cultuur,0.71429
schizophrenia,schizofrenie,0.76923
stall,stal,0.8
piss,pissen,0.66667
piss,pis,0.75
resonance,resonantie,0.8
experimental,experimenteel,0.84615
battery,batterij,0.75
motivation,motivatie,0.8
badminton,badminton,1
rebate,rabat,0.66667
mumble,mummelen,0.625
dialogue,dialoog,0.625
liver,lever,0.8
terrain,terrein,0.85714
socialist,socialist,1
governor,gouverneur,0.7
bikini,bikini,1
socialism,socialisme,0.9
guide,gids,0.6
grand,grandioos,0.55556
composition,compositie,0.81818
conflict,conflict,1
bonus,bonus,1
assortment,assortiment,0.90909
brussels,brussel,0.875
coup,coup,1
hither,hier,0.66667
informal,informeel,0.77778
percent,procent,0.71429
percent,percent,1
march,mars,0.6
march,marcheren,0.55556
radiator,radiator,1
evaluate,evalueren,0.66667
banjo,banjo,1
optician,opticien,0.875
pillar,pilaar,0.83333
pillar,pijler,0.66667
stagnate,stagneren,0.66667
strife,strijd,0.66667
hammer,hamer,0.83333
hammer,hameren,0.57143
popular,populair,0.875
mathematical,mathematisch,0.75
parade,paraderen,0.66667
parade,parade,1
creation,creatie,0.75
urgent,urgent,1
economic,economisch,0.8
escargot,escargot,1
parasite,parasiet,0.75
fanfare,fanfare,1
slash,slash,1
rum,rum,1
step,stap,0.75
taboo,taboe,0.8
shine,schijnen,0.625
shine,schijnsel,0.55556
gnome,gnoom,0.6
cigarette,sigaret,0.66667
hinge,hengsel,0.57143
italian,italiaans,0.77778
italian,italiaan,0.875
block,blok,0.8
nonsense,nonsens,0.875
conscientious,consciëntieus,0.78571
habitat,habitat,1
harem,harem,1
himself,hemzelf,0.71429
russian,russisch,0.625
injection,injectie,0.77778
theoretical,theoretisch,0.72727
pilgrim,pelgrim,0.85714
magazine,magazine,1
magazine,magazijn,0.75
traditional,traditioneel,0.83333
transport,transport,1
transport,transporteren,0.69231
theology,theologie,0.77778
department,departement,0.90909
tundra,toendra,0.71429
formal,formeel,0.71429
heroine,heldin,0.57143
structure,constructie,0.54545
structure,structuur,0.77778
antecedent,antecedent,1
temperament,temperament,1
depth,diepte,0.66667
series,serie,0.83333
aristocrat,aristocraat,0.90909
ammonia,ammoniak,0.875
phenomenon,fenomeen,0.6
compact,compact,1
baron,baron,1
aria,aria,1
mosque,moskee,0.66667
arrogance,arrogantie,0.8
geranium,geranium,1
passion,passie,0.71429
friendly,vriendelijk,0.54545
trough,trog,0.66667
stiff,stijf,0.8
asparagus,asperge,0.55556
verdict,verdict,1
pepper,peper,0.83333
pepper,peperen,0.57143
colonel,kolonel,0.85714
vampire,vampier,0.71429
cell,cel,0.75
experiment,experimenteren,0.71429
experiment,experiment,1
melancholy,melancholie,0.81818
melancholy,melancholiek,0.75
commercial,commercieel,0.81818
brooch,broche,0.66667
pancake,pannekoek,0.55556
paranoid,paranoïde,0.7
gene,gen,0.75
paranoia,paranoia,1
crab,krab,0.75
vehicle,vehikel,0.57143
bureaucracy,bureaucratie,0.75
parchment,perkament,0.66667
starter,starter,1
whisky,whisky,1
mythical,mythisch,0.625
speciality,specialiteit,0.75
publicity,publiciteit,0.72727
defective,defect,0.66667
picturesque,pittoresk,0.54545
arrangement,arrangement,1
circular,circulaire,0.8
scoop,schep,0.6
agenda,agenda,1
sperm,sperma,0.83333
costume,costuum,0.71429
costume,kostuum,0.57143
cruise,kruisen,0.71429
cruise,cruise,1
brood,broeden,0.57143
him,hem,0.66667
skater,schaatser,0.55556
snorkel,snorkelen,0.77778
front,front,1
handy,handig,0.66667
university,universitair,0.75
university,universiteit,0.75
guard,garde,0.6
testicle,testikel,0.625
mode,mode,1
mode,modus,0.6
mat,mat,1
gallant,galant,0.85714
rival,rivaal,0.83333
activist,activist,1
completely,compleet,0.7
intruder,indringer,0.55556
advisor,adviseur,0.75
corrosion,corrosie,0.77778
geometry,geometrie,0.77778
route,route,1
florida,florida,1
keel,kiel,0.75
projectile,projectiel,0.8
date,datum,0.6
date,dateren,0.57143
date,dadel,0.6
congo,congo,1
bitch,bitch,1
precisely,precies,0.66667
kennel,kennel,1
long,lang,0.75
final,finale,0.83333
final,finaal,0.83333
circulate,circuleren,0.7
introvert,introvert,1
exactly,exact,0.71429
plough,ploeg,0.66667
omen,omen,1
schizophrenic,schizofreen,0.61538
aspiration,aspiratie,0.8
bed,bed,1
lightly,licht,0.57143
portrait,portret,0.75
bastard,bastaard,0.875
telescope,telescoop,0.77778
instance,instantie,0.77778
tactic,tactiek,0.71429
truck,truck,1
barn,barak,0.6
brand,brandmerk,0.55556
lecturer,lector,0.625
adieu,adieu,1
gallery,galerij,0.57143
gallery,galerie,0.57143
prickle,prikkelen,0.66667
affair,affaire,0.85714
sheriff,sheriff,1
winner,winnares,0.625
winner,winnaar,0.71429
rasp,raspen,0.66667
employee,employé,0.75
misty,mistig,0.66667
endless,eindeloos,0.55556
gray,grauw,0.6
evolution,evolutie,0.77778
topaz,topaas,0.66667
gram,gram,1
official,officieel,0.77778
problem,probleem,0.875
freeze,vriezen,0.57143
computer,computer,1
powder,poederen,0.625
powder,poeder,0.83333
recently,recent,0.75
recently,recentelijk,0.63636
humane,humaan,0.66667
nightmare,nachtmerrie,0.54545
state,staat,0.6
state,stand,0.6
state,situatie,0.625
tunic,tuniek,0.66667
correctly,correct,0.77778
tent,tent,1
efficiency,efficiëntie,0.58333
defense,defensie,0.875
antisocial,asociaal,0.6
pacifist,pacifist,1
inhale,ophalen,0.57143
discrimination,discriminatie,0.85714
cent,cent,1
immense,immens,0.85714
policy,polis,0.66667
controller,controller,1
controller,controleur,0.8
hamburg,hamburg,1
brunch,brunch,1
debtor,debiteur,0.625
license,licentie,0.75
steep,steil,0.6
ripen,rijpen,0.83333
ink,inkt,0.75
conical,conisch,0.57143
wreck,wrak,0.6
speaker,spreker,0.71429
party,party,1
party,partij,0.66667
reactionary,reactionair,0.81818
effect,effect,1
frequently,frequent,0.8
single,single,1
well,wel,0.75
accurate,accuraat,0.75
dose,dosis,0.6
laurel,lauwer,0.66667
laurel,laurier,0.71429
rest,rust,0.75
rest,rest,1
puritan,puriteins,0.66667
vitamin,vitamine,0.875
footballer,voetballer,0.8
definitive,definitief,0.8
historic,historisch,0.8
burden,beladen,0.57143
propeller,propeller,1
vibration,vibratie,0.77778
page,page,1
twitter,twitteren,0.77778
twitter,kwetteren,0.55556
overlay,overlappen,0.6
kettle,ketel,0.66667
allegory,allegorie,0.77778
hinder,verhinderen,0.54545
journal,journaal,0.875
expansion,expansie,0.77778
paper,papier,0.83333
instinct,instinct,1
stamp,stampen,0.71429
stamp,stempel,0.57143
tongue,tong,0.66667
political,politiek,0.66667
washington,washington,1
strategy,strategie,0.77778
jubilee,jubileum,0.75
veil,voile,0.6
museum,museum,1
accountant,accountant,1
windmill,windmolen,0.66667
inner,intern,0.66667
inner,innerlijk,0.55556
inspiration,inspiratie,0.81818
viaduct,viaduct,1
cricket,cricket,1
neutral,neutraal,0.875
hi,hoi,0.66667
gain,gewin,0.6
overflow,overlopen,0.55556
ear,aar,0.66667
he,hem,0.66667
limit,limiet,0.83333
cello,cel,0.6
cello,cello,1
opera,opera,1
universal,universeel,0.8
penny,penny,1
pianist,pianist,1
twist,twist,1
education,educatie,0.77778
balcony,balkon,0.71429
cavalry,cavalerie,0.66667
offensive,offensief,0.77778
gondola,gondel,0.71429
chemist,chemicus,0.625
star,ster,0.75
ecstatic,extatisch,0.55556
atheist,atheïst,0.75
atheism,atheïsme,0.66667
portion,portie,0.71429
specialize,specialiseren,0.69231
folklore,folklore,1
pardon,pardon,1
protest,protest,1
protest,protesteren,0.63636
toenail,teennagel,0.55556
captain,kapitein,0.625
swan,zwaan,0.6
anticlimax,anticlimax,1
ration,rantsoen,0.625
smack,smakken,0.57143
tumour,tumor,0.83333
carnivore,carnivoor,0.77778
force,forceren,0.625
fit,fit,1
japanese,japans,0.75
cactus,cactus,1
even,effen,0.6
even,even,1
orchestra,orkest,0.55556
weather,weer,0.57143
weather,weder,0.57143
fetish,fetisj,0.83333
net,net,1
net,netto,0.6
barometer,barometer,1
anthropology,antropologie,0.75
tornado,tornado,1
active,actief,0.66667
economics,economie,0.77778
credit,krediet,0.71429
credit,credit,1
permit,permitteren,0.54545
intrigue,intrigeren,0.7
intrigue,intrige,0.875
fantastic,fantastisch,0.81818
campaign,campagne,0.75
bayonet,bajonet,0.85714
moral,moraal,0.83333
moral,moreel,0.66667
landscape,landschap,0.77778
calm,kalm,0.75
leaky,lek,0.6
type,type,1
type,typen,0.8
calf,kalf,0.75
dogma,dogma,1
berlin,berlijn,0.85714
warm,warm,1
blindfold,blinddoek,0.66667
flora,flora,1
bungalow,bungalow,1
vodka,wodka,0.8
give,geven,0.6
climax,climax,1
degenerate,degenereren,0.72727
rib,rib,1
president,president,1
lesbian,lesbisch,0.625
lesbian,lesbienne,0.66667
capitalist,kapitalist,0.9
operate,opereren,0.625
deck,dek,0.75
fable,fabel,0.6
before,tevoren,0.57143
plantation,plantage,0.6
missionary,missionaris,0.81818
combination,combinatie,0.81818
therapy,therapie,0.75
grammar,grammatica,0.6
willing,gewillig,0.625
bonn,bonn,1
wage,gage,0.75
unintelligent,onintelligent,0.92308
bond,band,0.75
interruption,interruptie,0.83333
literature,literatuur,0.8
literature,litteratuur,0.72727
decree,decreet,0.85714
debit,debet,0.8
surprise,surprise,1
linear,lineair,0.85714
overweight,overwicht,0.8
revenge,revanche,0.625
whist,whist,1
inbred,ingeboren,0.55556
jamaica,jamaica,1
grade,graad,0.6
paperback,paperback,1
miserable,miserabel,0.77778
scrape,schrappen,0.66667
scrape,schrapen,0.75
regiment,regiment,1
task,taak,0.75
bitterness,bitterheid,0.7
matter,materie,0.57143
hallucination,hallucinatie,0.84615
mini,minirok,0.57143
modern,modern,1
mint,munt,0.75
horde,horde,1
alibi,alibi,1
impotent,impotent,1
moscow,moskou,0.66667
panel,paneel,0.83333
regular,regulier,0.75
testament,testament,1
alarm,alarmeren,0.55556
alarm,alarm,1
definitely,definitief,0.7
principle,principe,0.88889
consumer,consument,0.77778
ambassador,ambassadeur,0.81818
acne,acne,1
stop,stop,1
stop,stoppen,0.57143
meditate,mediteren,0.66667
bar,bar,1
architecture,architectuur,0.83333
ban,ban,1
stammer,stamelen,0.625
bah,bah,1
reference,referentie,0.8
artificial,artificieel,0.81818
tolerance,tolerantie,0.8
motto,motto,1
typist,typiste,0.85714
hygiene,hygiëne,0.75
periscope,periscoop,0.77778
initiative,initiatief,0.8
arsenic,arsenicum,0.77778
ether,ether,1
basis,basis,1
chrysanthemum,chrysant,0.61538
reservation,reservering,0.63636
basil,basilicum,0.55556
basin,bassin,0.83333
idol,idool,0.8
personally,persoonlijk,0.54545
encyclopaedia,encyclopedie,0.84615
harshness,hardheid,0.55556
tank,tank,1
gangster,gangster,1
quiz,quiz,1
neat,net,0.75
balance,balanceren,0.7
balance,balans,0.71429
pessimistic,pessimistisch,0.84615
seven,zeven,0.8
shame,schande,0.57143
shame,schaamte,0.625
euthanasia,euthanasie,0.9
abscess,abces,0.71429
make,maken,0.8
make,maaksel,0.57143
jewel,juweel,0.66667
wheel,wiel,0.6
evolve,evolueren,0.55556
doorbell,deurbel,0.625
unlimited,ongelimiteerd,0.61538
kip,kip,1
jealous,jaloers,0.57143
kid,kind,0.75
butter,boter,0.66667
smoker,roker,0.66667
uninterested,ongeïnteresseerd,0.52941
rome,rome,1
etiquette,etiket,0.55556
etiquette,etiquette,1
protocol,protocol,1
isolate,isoleren,0.625
transistor,transistor,1
identify,identificeren,0.53846
candidate,kandidaat,0.66667
legion,legioen,0.85714
character,karakter,0.66667
slurp,slurpen,0.71429
discreet,discreet,1
signal,signaal,0.85714
greenland,groenland,0.88889
dean,decaan,0.66667
dean,deken,0.6
theatre,theater,0.71429
unstable,instabiel,0.66667
plot,komplot,0.57143
molecule,molecuul,0.75
bolt,bout,0.75
keeper,keeper,1
sympathetic,sympathiek,0.63636
gloss,glans,0.6
intellectual,intellectueel,0.84615
negative,negatief,0.75
pair,paar,0.75
amsterdam,amsterdam,1
initial,initiaal,0.875
editor,editor,1
fraction,fractie,0.75
fork,vork,0.75
form,vorm,0.75
analyse,analyseren,0.7
failure,failliet,0.625
blindness,blindheid,0.66667
analyst,analist,0.85714
fort,fort,1
whiskey,whisky,0.85714
cosmos,kosmos,0.83333
mystical,mystiek,0.625
classic,klassiek,0.625
shit,schijt,0.66667
vertical,vertikaal,0.77778
vertical,verticaal,0.88889
digital,digitaal,0.875
marxism,marxisme,0.875
garland,guirlande,0.66667
diet,dieet,0.8
unwell,onwel,0.66667
weekend,weekend,1
weekend,weekeinde,0.77778
jacket,jacket,1
jacket,jack,0.66667
gorilla,gorilla,1
proletariat,proletariaat,0.91667
morphology,morfologie,0.6
milk,melk,0.75
anticipation,anticipatie,0.83333
reptile,reptiel,0.71429
geometrical,geometrisch,0.72727
lynch,lynchen,0.71429
nectar,nectar,1
apartheid,apartheid,1
item,item,1
excellence,excellentie,0.81818
section,sectie,0.71429
round,ronde,0.6
round,rond,0.8
olympic,olympisch,0.77778
worm,worm,1
worm,wurm,0.75
bombardment,bombardement,0.91667
scarce,schriel,0.57143
afghanistan,afghanistan,1
hypocritical,hypocriet,0.58333
drunkard,dronkaard,0.77778
dwarf,dwerg,0.6
clerk,klerk,0.8
stem,stam,0.75
stem,steel,0.6
alto,alt,0.75
simultaneous,simultaan,0.58333
suggestion,suggestie,0.8
boo,boe,0.66667
nylon,nylon,1
massage,masseren,0.625
massage,massage,1
watertight,waterdicht,0.8
discus,discus,1
peru,peru,1
sharpen,scherpen,0.75
sharpen,slijpen,0.57143
klaxon,claxon,0.83333
aspirin,aspirine,0.875
labyrinth,labyrint,0.88889
acceptable,acceptabel,0.8
walnut,walnoot,0.71429
olive,olijf,0.6
tokyo,tokio,0.8
melodrama,melodrama,1
arrive,arriveren,0.66667
claim,claim,1
claim,claimen,0.71429
istanbul,istanboel,0.77778
agent,agent,1
council,concilie,0.625
nonchalant,nonchalant,1
chemical,chemisch,0.625
designer,designer,1
steward,steward,1
cosmonaut,kosmonaut,0.88889
mam,ma,0.66667
mam,mam,1
mam,mamma,0.6
man,man,1
neck,nek,0.75
gesture,gesticuleren,0.58333
gesture,geste,0.71429
shield,schild,0.66667
stability,stabiliteit,0.72727
lyric,lyrisch,0.71429
solder,soldeersel,0.6
solder,solderen,0.75
solder,soldeer,0.85714
group,groep,0.8
group,troep,0.6
monitor,monitoren,0.77778
maid,meid,0.75
texas,texas,1
finance,financieren,0.63636
finance,financiën,0.6
sarcastic,sarcastisch,0.81818
lunch,lunch,1
safari,safari,1
gladiolus,gladiool,0.66667
latin,latijns,0.71429
latin,latijn,0.83333
dialect,dialect,1
abnormal,abnormaal,0.88889
canada,canada,1
imperative,imperatief,0.8
dominate,domineren,0.66667
correct,correct,1
earlier,eerder,0.57143
monster,ondier,0.57143
monster,monster,1
california,californië,0.81818
carnival,carnaval,0.875
ministry,ministerie,0.7
thing,ding,0.6
frequent,frequent,1
first,eerst,0.6
exotic,exotisch,0.75
autocrat,autocraat,0.88889
anus,anus,1
inefficient,inefficiënt,0.83333
continuous,continu,0.7
orgy,orgie,0.6
gigantic,gigantisch,0.8
tractor,tractor,1
capsize,kapseizen,0.66667
marijuana,marihuana,0.88889
spectacle,spektakel,0.55556
nazi,nazi,1
efficient,efficiënt,0.8
potential,potentieel,0.8
haste,haast,0.6
wonder,wonder,1
normal,normaal,0.85714
omelette,omelet,0.75
radioactive,radioactief,0.81818
especially,speciaal,0.7
sigma,sigma,1
precise,precies,0.71429
lexicon,lexicon,1
shot,schot,0.8
shot,shot,1
shoe,schoen,0.66667
corner,corner,1
label,label,1
plume,pluim,0.6
analytic,analytisch,0.8
manoeuvre,manoeuvre,1
manoeuvre,manoeuvreren,0.75
enthusiasm,enthousiasme,0.83333
over,boven,0.6
over,over,1
zen,zen,1
conjunction,conjunctie,0.81818
gel,gel,1
morning,morgen,0.57143
staff,staf,0.8
kernel,kern,0.66667
lethargy,lethargie,0.77778
calendar,kalender,0.75
steadfast,standvastig,0.54545
ornament,ornament,1
gaga,gaga,1
geometric,geometrisch,0.81818
foreword,voorwoord,0.55556
wednesday,woensdag,0.55556
nationality,nationaliteit,0.76923
rugby,rugby,1
tour,tournee,0.57143
concentrate,concentreren,0.75
cancer,kanker,0.66667
shirt,shirt,1
revolution,revolutie,0.8
millimetre,millimeter,0.8
capable,capabel,0.71429
mark,merk,0.75
mark,mark,1
mart,markt,0.8
declaration,declaratie,0.81818
slumber,sluimeren,0.55556
then,toen,0.75
secondary,secundair,0.66667
strait,straat,0.83333
sahara,sahara,1
protein,proteïne,0.66667
doctor,dokter,0.66667
doctor,doctor,1
lava,lava,1
lamp,lamp,1
pan,pan,1
totally,totaal,0.71429
weave,weven,0.6
drain,draineren,0.55556
giraffe,giraffe,1
giraffe,giraf,0.71429
bottle,bottelen,0.75
unofficial,onofficieel,0.72727
aspect,aspect,1
asthma,astma,0.83333
application,applicatie,0.81818
pill,pil,0.75
grip,grijpen,0.57143
grip,griep,0.8
grit,gruis,0.6
grit,grind,0.6
grim,grimmig,0.57143
chamber,kamer,0.57143
miraculous,miraculeus,0.9
slavery,slavernij,0.66667
gramophone,grammofoon,0.6
explode,exploderen,0.7
genetics,genetica,0.875
colonial,koloniaal,0.77778
pioneer,pionier,0.85714
inject,injecteren,0.6
linoleum,linoleum,1
fitness,fitness,1
fitness,fitheid,0.57143
opium,opium,1
island,eiland,0.66667
insect,insect,1
insect,insekt,0.83333
mixer,mixer,1
practical,praktisch,0.55556
coupon,coupon,1
jerusalem,jeruzalem,0.88889
brute,bruut,0.6
strip,streep,0.66667
strip,strip,1
hysterical,hysterisch,0.7
fanatic,fanatiek,0.75
sherry,sherry,1
affection,affectie,0.77778
rainwater,regenwater,0.7
censor,censuur,0.71429
examine,examineren,0.7
file,file,1
illegal,illegaal,0.875
personnel,personeel,0.88889
field,veld,0.6
prism,prisma,0.83333
astronaut,astronaut,1
aster,aster,1
squash,squash,1
brandy,brandy,1
network,netwerk,0.85714
havana,havana,1
havana,havanna,0.85714
consternation,consternatie,0.84615
percentage,percentage,1
percentage,percent,0.7
oral,oraal,0.8
psychic,psychisch,0.77778
kilometre,kilometer,0.77778
allergy,allergie,0.75
dollar,dollar,1
zinc,zink,0.75
premium,premie,0.71429
parcel,perceel,0.71429
psyche,psyche,1
mild,mild,1
consultant,consulent,0.8
residue,residu,0.85714
defence,defensie,0.75
malaria,malaria,1
supervisor,supervisor,1
margin,marge,0.66667
africa,afrika,0.83333
sadist,sadist,1
sadism,sadisme,0.85714
score,score,1
score,scoren,0.83333
megaphone,megafoon,0.66667
diamond,diamant,0.71429
formality,formaliteit,0.72727
chimpanzee,chimpansee,0.9
nineteen,negentien,0.55556
middle,midden,0.66667
middle,gemiddeld,0.55556
escort,escorteren,0.6
paragraph,paragraaf,0.77778
ritual,ritueel,0.71429
ritual,rituaal,0.85714
hamburger,hamburger,1
minimum,minimum,1
minimum,miniem,0.71429
minimum,minimaal,0.625
despot,despoot,0.85714
lyrical,lyrisch,0.57143
biography,biografie,0.66667
siren,sirene,0.83333
technology,technologie,0.81818
sacred,sacraal,0.57143
ensemble,ensemble,1
hopeless,hopeloos,0.75
advice,advies,0.66667
synagogue,synagoge,0.88889
synagogue,synagoog,0.66667
blood,bloed,0.8
faculty,faculteit,0.66667
bloom,bloem,0.8
bloom,bloei,0.6
blunder,blunder,1
blunder,blooper,0.57143
mislead,misleiden,0.66667
sect,sekte,0.6
serenade,serenade,1
industrial,industrieel,0.81818
arrogant,arrogant,1
eunuch,eunuch,1
good,goed,0.75
socially,sociaal,0.75
association,associatie,0.81818
mystery,mysterie,0.75
puzzle,puzzel,0.66667
puzzle,puzzelen,0.75
token,teken,0.8
monsoon,moesson,0.71429
greengrocer,groenteboer,0.54545
clamp,kramp,0.6
clamp,klampen,0.57143
clamp,klamp,0.8
hard,hard,1
beret,baret,0.8
sober,sober,1
fist,vuist,0.6
comic,komisch,0.57143
harp,harp,1
thrombosis,trombose,0.7
print,printen,0.71429
assist,assisteren,0.6
pathetic,pathetisch,0.8
pleasant,plezant,0.75
refer,refereren,0.55556
tap,tap,1
inspection,inspectie,0.8
finland,finland,1
uncontrolled,ongecontroleerd,0.66667
copper,koper,0.66667
barbarian,barbaars,0.55556
barbarian,barbaar,0.66667
fiction,fictie,0.71429
symptom,symptoom,0.875
construct,construeren,0.63636
compartment,compartiment,0.91667
lease,leasen,0.83333
mentality,mentaliteit,0.72727
procession,processie,0.8
permanent,permanent,1
tackle,tackle,1
declare,declareren,0.7
declare,verklaren,0.55556
rower,roeier,0.66667
weapon,wapen,0.66667
commentary,commentaar,0.8
serene,sereen,0.66667
flute,fluit,0.6
most,meest,0.6
charm,charmeren,0.55556
charm,charme,0.83333
moss,mos,0.75
extremely,extreem,0.66667
unpopular,onpopulair,0.8
mammoth,mammoet,0.71429
organism,organisme,0.88889
sector,sector,1
metaphor,metafoor,0.75
relation,relatie,0.75
finn,fin,0.75
nervous,nerveus,0.85714
permission,permissie,0.8
cholera,cholera,1
ferret,fret,0.66667
cynical,cynisch,0.57143
lisbon,lissabon,0.75
tender,teder,0.83333
tender,teer,0.66667
expert,expert,1
barrack,barak,0.71429
restaurant,restauratie,0.72727
restaurant,restaurant,1
waterfall,waterval,0.77778
mean,menen,0.6
consume,consumeren,0.7
point,punt,0.6
dancer,danser,0.83333
dancer,danseres,0.625
openness,openheid,0.625
civilize,civiliseren,0.63636
platinum,platina,0.75
instrument,instrument,1
apostle,apostel,0.71429
ireland,ierland,0.71429
meeting,ontmoeting,0.6
meeting,zitting,0.57143
meeting,meeting,1
gay,gay,1
gas,gas,1
pessimist,pessimist,1
sexuality,seksualiteit,0.58333
mystic,mysticus,0.75
mystic,mystiek,0.71429
decoration,decoratie,0.8
italy,italië,0.57143
wherein,waarin,0.57143
textile,textiel,0.71429
neutron,neutron,1
heraldry,heraldiek,0.66667
belfry,belfort,0.71429
leopard,luipaard,0.625
safe,safe,1
werewolf,weerwolf,0.75
halve,halveren,0.625
chemistry,chemie,0.55556
spend,spenderen,0.55556
openly,openlijk,0.625
alternative,alternatief,0.81818
apple,appel,0.6
discipline,discipline,1
alternate,alterneren,0.7
egypt,egypte,0.83333
sensational,sensationeel,0.83333
sicily,sicilië,0.625
bamboo,bamboe,0.83333
walrus,walrus,1
motor,motor,1
absolutely,absoluut,0.6
magnificent,magnifiek,0.72727
accelerate,accelereren,0.72727
server,server,1
pen,pen,1
eliminate,elimineren,0.7
scalp,scalp,1
epic,episch,0.66667
visionary,visionair,0.77778
patient,patiënt,0.75
lottery,loterij,0.57143
temper,temperen,0.75
drama,drama,1
waltz,wals,0.6
genital,genitaal,0.875
gramme,gram,0.66667
camera,camera,1
camera,filmcamera,0.6
prostitute,prostituee,0.9
prostitute,prostituée,0.81818
invite,inviteren,0.66667
planet,planeet,0.85714
exploration,exploratie,0.81818
constant,constant,1
expedition,expeditie,0.8
metal,metalen,0.71429
metal,metaal,0.83333
cafe,café,0.6
nazism,nazisme,0.85714
oval,ovaal,0.8
kirk,kerk,0.75
sterilize,steriliseren,0.66667
favourite,favoriet,0.66667
druid,druïde,0.57143
luxurious,luxueus,0.66667
lens,lens,1
desert,deserteren,0.6
statesman,staatsman,0.77778
reserve,reserve,1
reserve,reserveren,0.7
tube,tube,1
penis,penis,1
compose,componeren,0.6
intensive,intens,0.66667
intensive,intensief,0.77778
atlas,atlas,1
brigade,brigade,1
dessert,dessert,1
claustrophobia,claustrofobie,0.78571
antipode,antipode,1
arrange,arrangeren,0.7
salad,salade,0.83333
salad,sla,0.6
shock,schok,0.6
shock,shock,1
ride,rijden,0.66667
undergo,ondergaan,0.55556
subtle,subtiel,0.71429
copenhagen,kopenhagen,0.9
depression,depressie,0.8
chicago,chicago,1
paddle,peddelen,0.625
troupe,troep,0.66667
plug,plug,1
body,body,1
extreme,extreem,0.71429
talent,talent,1
alaska,alaska,1
contradiction,contradictie,0.84615
weekday,weekdag,0.85714
climb,klim,0.6
accusative,accusatief,0.8
private,privé,0.57143
composer,componist,0.55556
patrol,patrouille,0.6
sermon,sermoen,0.85714
lime,limoen,0.66667
phallus,fallus,0.71429
kiosk,kiosk,1
tunnel,tunnel,1
parquet,parket,0.71429
tan,tanen,0.6
lamb,lam,0.75
democracy,democratie,0.7
profile,profiel,0.71429
collection,collectie,0.8
sadistic,sadistisch,0.8
bluff,bluf,0.8
syndrome,syndroom,0.75
drape,draperen,0.625
bind,binden,0.66667
correspond,corresponderen,0.71429
chief,chef,0.8
furious,furieus,0.85714
tuberculosis,tuberculose,0.83333
meter,meter,1
overtake,overtrekken,0.63636
neurotic,neurotisch,0.8
publication,publicatie,0.81818
criminal,crimineel,0.77778
dam,dam,1
dan,dan,1
sonata,sonate,0.83333
day,dag,0.66667
cider,cider,1
uninteresting,oninteressant,0.69231
elan,elan,1
activate,activeren,0.66667
junkie,junkie,1
wade,waden,0.8
electronics,elektronica,0.81818
franc,frank,0.8
plague,plagen,0.66667
bleed,bloeden,0.57143
yard,yard,1
mortar,mortier,0.71429
yarn,garen,0.6
qualification,kwalificatie,0.69231
hurdle,horde,0.66667
vandal,vandaal,0.85714
pauper,stumper,0.57143
pauper,pauper,1
ancient,antiek,0.57143
vulgar,vulgair,0.85714
vagina,vagina,1
jingle,klingelen,0.55556
cabin,cabine,0.83333
explanation,explicatie,0.63636
nun,non,0.66667
shampoo,shampoo,1
compensation,compensatie,0.83333
ventilation,ventilatie,0.81818
anthropologist,antropoloog,0.64286
comfortable,comfortabel,0.81818
tide,getijde,0.57143
dictate,dicteren,0.625
demonstration,demonstratie,0.84615
acceleration,acceleratie,0.83333
billiards,biljart,0.55556
bakery,bakkerij,0.625
mix,mixen,0.6
hazel,hazelaar,0.625
handbag,handtas,0.71429
police,politie,0.71429
snuffle,snuffelen,0.77778
roll,rol,0.75
roll,rollen,0.66667
enthusiastic,enthousiast,0.75
absurd,absurd,1
normally,normaliter,0.6
selection,selectie,0.77778
text,tekst,0.6
industrialist,industrieel,0.61538
communism,communisme,0.9
scorpion,schorpioen,0.8
mica,mica,1
communist,communist,1
inferior,inferieur,0.77778
bear,beer,0.75
perfection,perfectie,0.8
beak,bek,0.75
romantic,romantisch,0.8
organ,orgel,0.6
organ,orgaan,0.83333
mascara,mascara,1
national,nationaal,0.88889
racket,racket,1
reform,reformeren,0.6
routine,routine,1
incarnation,incarnatie,0.81818
almoner,aalmoezenier,0.58333
jeweller,juwelier,0.75
equal,egaal,0.6
glorious,glorieus,0.875
comment,commentaar,0.7
relevant,relevant,1
ohm,ohm,1
overcoat,overjas,0.625
commend,roemen,0.57143
news,nieuws,0.66667
hellish,hels,0.57143
bulk,bulk,1
deep,diep,0.75
general,generaal,0.875
helper,helper,1
chaotic,chaotisch,0.77778
partner,partner,1
administration,administratie,0.85714
film,filmen,0.66667
film,film,1
frivolous,frivool,0.66667
practice,praktijk,0.625
sauna,sauna,1
center,centrum,0.57143
position,positie,0.75
clinic,kliniek,0.57143
voltage,voltage,1
absorption,absorptie,0.8
match,match,1
string,string,1
flamingo,flamingo,1
success,succes,0.85714
sofa,sofa,1
journalism,journalistiek,0.69231
tram,tram,1
journalist,journaliste,0.90909
journalist,journalist,1
heel,hiel,0.75
classical,klassiek,0.55556
classical,klassikaal,0.7
authority,autoriteit,0.6
hair,haar,0.75
congress,congres,0.875
discretion,discretie,0.8
masked,gemaskerd,0.66667
lieutenant,luitenant,0.7
periodically,periodisch,0.58333
beaker,beker,0.83333
socket,sokkel,0.66667
tomb,tombe,0.8
elastic,elastisch,0.77778
spread,spreiden,0.625
glimmer,glimmen,0.85714
communion,communie,0.77778
globe,globe,1
ivory,ivoor,0.6
bus,bus,1
coke,cokes,0.8
sardine,sardine,1
genitals,genitaliën,0.63636
glory,glorie,0.66667
circus,circus,1
pip,pit,0.66667
pit,pit,1
corporation,corporatie,0.81818
detail,detail,1
surreal,surreëel,0.66667
granite,graniet,0.71429
bundle,bundel,0.66667
cheque,cheque,1
astronomy,astronomie,0.8
tart,taart,0.8
resolution,resolutie,0.8
baker,bakker,0.83333
pupil,pupil,1
sleep,slaap,0.6
hate,haten,0.8
trolley,trolley,1
paris,parijs,0.83333
teapot,theepot,0.71429
agitator,agitator,1
under,onder,0.8
school,school,1
school,leerschool,0.6
direct,direct,1
nail,nagel,0.6
blue,blauw,0.6
revolver,revolver,1
pate,pastei,0.66667
forum,forum,1
luggage,bagage,0.57143
invasion,invasie,0.75
thermal,thermaal,0.875
straw,stro,0.6
stink,stinken,0.71429
idyll,idylle,0.83333
hospital,hospitaal,0.88889
princess,prinses,0.75
muse,muze,0.75
myrrh,mirre,0.6
grenade,granaat,0.57143
dolphin,dolfijn,0.57143
guarantee,garanderen,0.6
guarantee,garantie,0.77778
ceremony,ceremonie,0.77778
end,einde,0.6
end,eind,0.75
toxic,toxisch,0.71429
poker,poker,1
horoscope,horoscoop,0.77778
arthritis,artritis,0.88889
lump,klomp,0.6
parallel,parallel,1
complexity,complexiteit,0.75
jungle,jungle,1
archaeology,archeologie,0.72727
theme,thema,0.8
sprout,spruit,0.66667
london,londen,0.83333
oven,bakoven,0.57143
oven,oven,1
hypocrisy,hypocrisie,0.8
strand,stranden,0.75
centimetre,centimeter,0.8
inventory,inventaris,0.7
tourist,toeristisch,0.54545
tourist,toerist,0.85714
plaster,pleisteren,0.6
plaster,pleister,0.75
filling,vulling,0.71429
victory,victorie,0.75
constipation,obstipatie,0.66667
constipation,constipatie,0.83333
thesis,thesis,1
waffle,wafel,0.66667
saturday,zaterdag,0.625
god,god,1
motel,motel,1
sand,zand,0.75
numerical,numeriek,0.66667
rail,rail,1
alms,aalmoes,0.57143
formation,formatie,0.77778
biological,biologisch,0.7
acrobat,acrobaat,0.875
correctness,correctheid,0.72727
tolerant,tolerant,1
filter,filter,1
filter,filtreren,0.66667
filter,filteren,0.75
scheme,schema,0.83333
already,alreeds,0.71429
gazelle,gazelle,1
galley,galei,0.66667
primary,primair,0.71429
rank,rang,0.75
fantasy,fantasie,0.75
insulation,isolatie,0.6
sarcasm,sarcasme,0.875
top,top,1
top,topje,0.6
euphoria,euforie,0.625
ton,ton,1
serve,serveren,0.625
western,westers,0.85714
western,westelijk,0.55556
wardrobe,garderobe,0.77778
troop,troep,0.8
flame,vlammen,0.57143
flame,vlam,0.6
unrest,onrust,0.66667
ram,ram,1
drip,drop,0.75
drip,druipen,0.57143
raw,ruw,0.66667
raw,rauw,0.75
rat,rot,0.66667
rat,rat,1
ocean,oceaan,0.83333
seminar,seminarie,0.77778
spade,spa,0.6
spade,spade,1
steamboat,stoomboot,0.66667
elegance,elegantie,0.77778
contact,contact,1
snob,snob,1
effectiveness,effectiviteit,0.69231
glow,gloed,0.6
tanzania,tanzania,1
flop,flop,1
reputation,reputatie,0.8
inspire,inspireren,0.7
sage,salie,0.6
radio,radio,1
analogue,analoog,0.625
asbestos,asbest,0.75
ultimatum,ultimatum,1
report,rapport,0.71429
idiotic,idioot,0.57143
egoist,egoïst,0.71429
automatic,automatisch,0.81818
detection,detectie,0.77778
capacity,capaciteit,0.7
continually,continu,0.63636
grandmother,grootmoeder,0.54545
catalogue,catalogus,0.88889
catalogue,catalogiseren,0.61538
finger,vinger,0.83333
oxidation,oxidatie,0.77778
elm,olm,0.66667
facet,facet,1
emerald,smaragd,0.57143
conference,conferentie,0.81818
beer,bier,0.75
cognac,cognac,1
beet,biet,0.75
leprosy,lepra,0.57143
procedure,procedure,1
pyramid,piramide,0.75
speech,speech,1
pathology,pathologie,0.8
wound,wonde,0.6
wound,wond,0.8
complex,complex,1
misery,misère,0.57143
cycle,cyclus,0.66667
incapable,incapabel,0.77778
mother,moeder,0.66667
enlighten,verlichten,0.7
elf,elf,1
caravan,karavaan,0.75
apart,apart,1
gift,gift,1
specific,specifiek,0.77778
sanction,sanctie,0.75
sponge,spons,0.66667
advertise,adverteren,0.7
intellect,intellect,1
informative,informatief,0.81818
christmas,kerstmis,0.55556
espionage,spionage,0.88889
officer,officier,0.875
cord,koord,0.6
erotica,erotica,1
cowboy,cowboy,1
plum,pruim,0.6
dinner,diner,0.83333
curry,curry,1
prince,prins,0.66667
aha,aha,1
aha,ah,0.66667
aha,ha,0.66667
civil,civiel,0.83333
slogan,slagzin,0.57143
vaccination,vaccinatie,0.81818
transform,transformeren,0.69231
sunlight,zonlicht,0.625
gin,gin,1
metabolism,metabolisme,0.90909
medium,medium,1
amateur,amateur,1
spongy,sponzig,0.57143
adore,adoreren,0.625
decorate,decoreren,0.66667
petition,petitie,0.75
check,checken,0.71429
regime,regime,1
tip,top,0.66667
tip,tip,1
tin,tin,1
erosion,erosie,0.71429
tic,tic,1
marketing,marketing,1
navel,navel,1
yacht,jacht,0.8
vietnam,vietnam,1
fasten,vastmaken,0.55556
coach,coachen,0.71429
impression,impressie,0.8
rod,roede,0.6
focus,focus,1
adjective,adjectief,0.77778
ventilator,ventilator,1
rot,rot,1
passage,passage,1
melon,meloen,0.83333
institute,instituut,0.77778
masturbate,masturberen,0.72727
brother,broer,0.71429
brother,broeder,0.71429
trend,trend,1
pore,porie,0.8
patriarch,patriarch,1
yippee,jippie,0.66667
bake,bakken,0.66667
substitute,substitueren,0.75
hymn,hymne,0.8
constitution,constitutie,0.83333
stump,stomp,0.8
water,waterig,0.71429
water,water,1
baseball,baseball,1
newcomer,nieuwkomer,0.7
navigation,navigatie,0.8
humour,humeur,0.83333
humour,humor,0.83333
erudite,erudiet,0.71429
crisis,crisis,1
projector,projector,1
republican,republikein,0.72727
republican,republikeins,0.66667
athens,athene,0.83333
conductor,conducteur,0.8
altar,altaar,0.83333
cashier,kassier,0.71429
chocolate,chocolade,0.88889
chocolate,chocola,0.77778
tribunal,tribunaal,0.88889
judo,judo,1
streak,streek,0.83333
streak,streep,0.66667
figure,figuur,0.66667
critic,criticus,0.75
sharp,scherp,0.66667
eloquent,eloquent,1
vital,vitaal,0.83333
irrational,irrationeel,0.81818
information,informatie,0.81818
amuse,amuseren,0.625
inform,informeren,0.6
exclusive,exclusief,0.77778
comfort,comfort,1
estuary,estuarium,0.66667
magistrate,magistraat,0.8
midnight,middernacht,0.54545
canary,kanarie,0.57143
tetanus,tetanus,1
organisation,organisatie,0.83333
presence,presentie,0.77778
platform,platform,1
swindle,zwendelen,0.55556
tulip,tulp,0.8
obscene,obsceen,0.71429
acetone,aceton,0.85714
occult,occult,1
execute,executeren,0.7
realist,realist,1
advent,advent,1
realistic,realistisch,0.81818
realise,realiseren,0.7
plunder,plunderen,0.77778
ejaculation,ejaculatie,0.81818
sprinkle,sprenkelen,0.7
sprinkle,besprenkelen,0.58333
zebra,zebra,1
obsession,obsessie,0.77778
hysteria,hysterie,0.875
profit,profiteren,0.6
emigrate,emigreren,0.66667
clover,klaver,0.66667
theory,theorie,0.71429
unfriendly,onvriendelijk,0.53846
telepathy,telepathie,0.8
visit,visite,0.83333
flare,flakkeren,0.55556
motion,motie,0.66667
hypnosis,hypnose,0.75
swing,swingen,0.71429
unborn,ongeboren,0.55556
pelican,pelikaan,0.75
gala,gala,1
engineer,ingenieur,0.55556
district,district,1
plank,plank,1
convention,conventie,0.8
welfare,welvaart,0.625
festivity,festiviteit,0.72727
spiral,spiraal,0.85714
hub,hub,1
revue,revue,1
hut,hut,1
holder,houder,0.83333
diplomatic,diplomatiek,0.81818
diplomatic,diplomatisch,0.83333
aesthetic,esthetisch,0.7
prostitution,prostitutie,0.83333
silhouette,silhouet,0.8
malta,malta,1
animation,animatie,0.77778
fracture,fractuur,0.75
new,nieuw,0.6
clatter,kletteren,0.55556
saunter,slenteren,0.55556
adopt,adopteren,0.55556
masturbation,masturbatie,0.83333
detective,detective,1
set,set,1
gulf,golf,0.75
genius,genie,0.66667
virtual,virtueel,0.75
tailor,tailleur,0.625
hedge,heg,0.6
radar,radar,1
workman,werkman,0.85714
joker,joker,1
barbaric,barbaars,0.625
bison,bizon,0.8
spaniard,spanjaard,0.77778
picnic,picknick,0.75
picnic,picknicken,0.6
pane,paneel,0.66667
trick,truc,0.6
college,college,1
jot,jota,0.75
detect,detecteren,0.6
federal,federaal,0.875
opening,opening,1
definite,definitief,0.8
refine,verfijnen,0.55556
guitar,gitaar,0.66667
come,komen,0.6
reaction,reactie,0.75
region,regio,0.83333
contract,contract,1
contract,contracteren,0.66667
pakistan,pakistan,1
pot,po,0.66667
pot,pot,1
colony,kolonie,0.57143
period,periode,0.85714
bizarre,bizar,0.71429
turkey,turkije,0.57143
helicopter,helikopter,0.9
indirect,indirect,1
tiger,tijger,0.83333
minister,minister,1
attentive,attent,0.66667
irrelevant,irrelevant,1
robber,rover,0.66667
pilot,piloot,0.83333
case,casus,0.6
shaft,schacht,0.57143
myself,mezelf,0.66667
myself,mijzelf,0.57143
sex,sex,1
sex,sexe,0.75
cash,cash,1
rapier,rapier,1
helmet,helm,0.66667
author,auteur,0.66667
alphabet,alfabet,0.75
trip,trippen,0.57143
trip,trip,1
bermuda,bermuda,1
macaroni,macaroni,1
hermit,heremiet,0.75
tipsy,tipsy,1
nest,nest,1
weed,weed,1
delicate,delicaat,0.75
weep,wenen,0.6
cartoon,cartoon,1
villa,villa,1
magical,magisch,0.57143
model,model,1
kilt,kilt,1
actress,actrice,0.57143
kilo,kilo,1
polish,polijsten,0.55556
satin,satijn,0.83333
halfway,halfweg,0.71429
hind,hinde,0.8
acute,acuut,0.6
snore,snurken,0.57143
snore,knorren,0.57143
particle,partikel,0.625
territory,territorium,0.72727
serious,serieus,0.85714
tower,toren,0.6
madrid,madrid,1
competition,competitie,0.81818
deduce,deduceren,0.66667
table,tabel,0.6
legal,legaal,0.83333
porter,portier,0.85714
football,voetbal,0.625
inspect,inspecteren,0.63636
communicate,communiceren,0.75
slaughter,slachten,0.66667
slaughter,slacht,0.55556
plastic,plastisch,0.77778
plastic,plastic,1
amber,amber,1
communication,communicatie,0.84615
determine,determineren,0.75
feudal,feodaal,0.71429
mental,mentaal,0.85714
racism,racisme,0.85714
strict,strikt,0.83333
strict,stipt,0.66667
yoghurt,joghurt,0.85714
yoghurt,yoghurt,1
energy,energie,0.71429
cabinet,kabinet,0.85714
soprano,sopraan,0.71429
promote,promoveren,0.6
promote,promoten,0.875
fabricate,fabriceren,0.7
neurology,neurologie,0.8
grass,gras,0.8
cinema,cinema,1
politics,politiek,0.75
bishop,bisschop,0.75
biochemistry,biochemie,0.66667
rubber,rubber,1
championship,kampioenschap,0.61538
manipulate,manipuleren,0.72727
symbol,symbool,0.85714
nucleus,nucleus,1
psychology,psychologie,0.81818
applause,applaus,0.875
invest,investeren,0.6
curve,curve,1
all,al,0.66667
all,alles,0.6
chinese,chinees,0.71429
meditation,meditatie,0.8
alp,alp,1
synthetic,synthetisch,0.81818
glimpse,glimp,0.71429
apartment,appartement,0.81818
catastrophe,catastrofe,0.81818
program,programma,0.77778
present,present,1
present,presenteren,0.63636
egyptian,egyptisch,0.66667
citadel,citadel,1
fan,fan,1
sentimental,sentimenteel,0.83333
uganda,oeganda,0.71429
list,lijst,0.8
saxophone,saxofoon,0.66667
salute,salueren,0.625
programme,programma,0.88889
programme,programmeren,0.75
ten,tien,0.75
design,dessin,0.66667
design,design,1
harden,harden,1
sum,som,0.66667
public,publiek,0.71429
version,versie,0.71429
christian,christelijk,0.63636
christian,christen,0.77778
varnish,vernis,0.71429
tragedy,tragedie,0.75
mythology,mythologie,0.8
identity,identiteit,0.7
mutant,mutant,1
florence,florence,1
irritate,irriteren,0.66667
flat,flat,1
flat,plat,0.75
definition,definitie,0.8
flit,flirten,0.57143
flag,vlag,0.75
stick,stok,0.6
amputate,amputeren,0.66667
primate,primaat,0.71429
prophet,profeet,0.71429
excursion,excursie,0.77778
division,divisie,0.75
imitation,imitatie,0.77778
goal,goal,1
sandwich,sandwich,1
okay,okay,1
algebra,algebra,1
bumper,buffer,0.66667
bumper,bumper,1
adventure,avontuur,0.55556
short,kort,0.6
balloon,ballon,0.85714
laboratory,laboratorium,0.75
essence,essence,1
essence,essentie,0.75
mission,missie,0.71429
stride,schrijden,0.55556
stride,schrede,0.57143
avenue,avenue,1
glide,glippen,0.57143
glide,glijden,0.71429
mattress,matras,0.625
scot,schot,0.8
might,macht,0.6
predator,predator,1
scandinavia,scandinavië,0.83333
slipper,slipper,1
athletics,atletiek,0.66667
friendship,vriendschap,0.72727
nicotine,nicotine,1
weight,wicht,0.66667
weight,gewicht,0.57143
generation,generatie,0.8
hawaii,hawaï,0.66667
hawaii,hawaii,1
narcissus,narcis,0.66667
unconventional,onconventioneel,0.8
monocle,monocle,1
alcohol,alcohol,1
absorb,absorberen,0.6
friday,vrijdag,0.57143
generate,genereren,0.66667
bourgeoisie,bourgeoisie,1
circuit,circuit,1
twenty,twintig,0.57143
consequence,consequentie,0.83333
waggon,wagon,0.83333
radical,radicaal,0.875
psychoanalysis,psychoanalyse,0.85714
urinal,urinoir,0.57143
sympathy,sympathie,0.77778
blank,blanco,0.66667
corporal,korporaal,0.77778
temperature,temperatuur,0.81818
script,schrift,0.71429
script,script,1
automobile,automobiel,0.8
swarm,zwerm,0.6
storm,storm,1
storm,stormwind,0.55556
aristocracy,aristocratie,0.75
option,optie,0.66667
pump,pomp,0.75
hotel,hotel,1
king,koning,0.66667
instruction,instructie,0.81818
prairie,prairie,1
risky,riskant,0.57143
gall,gal,0.75
port,poort,0.8
electric,elektrisch,0.7
park,park,1
adder,adder,1
prestige,prestige,1
mineral,mineraal,0.875
hyena,hyena,1
amphibian,amfibie,0.55556
spire,spits,0.6
melody,melodie,0.71429
upwards,opwaarts,0.625
grotesque,grotesk,0.66667
penalty,penalty,1
shepherd,scheper,0.625
scalpel,scalpel,1
banquet,banket,0.71429
activity,activiteit,0.7
intelligence,intelligentie,0.84615
bard,bard,1
bark,bark,1
ark,ark,1
arm,arm,1
coordination,coördinatie,0.66667
viking,viking,1
atoll,atol,0.8
corruption,corruptie,0.8
solo,solo,1
korea,korea,1
attention,attentie,0.77778
roe,ree,0.66667
opposition,oppositie,0.8
competent,competent,1
bronze,brons,0.66667
bronze,bronzen,0.85714
bandit,bandiet,0.85714
roman,romeins,0.57143
smith,smid,0.6
weasel,wezel,0.66667
decline,daling,0.57143
complication,complicatie,0.83333
duo,duo,1
buzzard,buizerd,0.71429
reduction,reductie,0.77778
make-up,make-up,1
pi,pi,1
algeria,algerije,0.75
precision,precisie,0.77778
defect,defect,1
well-mannered,welgemanierd,0.69231
instructor,instructeur,0.81818
toga,toga,1
barricade,barricaderen,0.75
barricade,barricade,1
knob,knop,0.75
dublin,dublin,1
demon,demon,1
ecstasy,extase,0.57143
obstacle,obstakel,0.625
anguish,angst,0.57143
chauffeur,chauffeur,1
cumulus,cumulus,1
advise,adviseren,0.66667
yogurt,yoghurt,0.85714
cement,cement,1
robust,robuust,0.85714
lower,lager,0.6
analysis,analyse,0.75
knot,knoop,0.6
knot,knoest,0.66667
scrupulous,scrupuleus,0.9
altruistic,altruïstisch,0.69231
turbulence,turbulentie,0.81818
margarine,margarine,1
continent,continent,1
ravine,ravijn,0.66667
tablet,tablet,1
tablet,tabel,0.66667
productive,productief,0.8
collect,collecteren,0.63636
essential,essentieel,0.8
ecology,ecologie,0.75
clown,clown,1
innovation,innovatie,0.8
apathetic,apathisch,0.55556
elixir,elixer,0.83333
intense,intens,0.85714
intense,intensief,0.77778
vaccine,vaccin,0.85714
virus,virus,1
gamma,gamma,1
significant,significant,1
holster,holster,1
vagabond,vagebond,0.875
canal,kanaal,0.66667
fast,vast,0.75
delta,delta,1
penguin,pinguïn,0.625
motive,motief,0.66667
patriot,patriot,1
characteristic,karakteristiek,0.64286
etc.,etc.,1
saffron,saffraan,0.75
income,inkomen,0.71429
ferment,fermenteren,0.63636
ferment,werken,0.57143
organise,organiseren,0.72727
nice,nice,1
mustard,mosterd,0.71429
quinine,kinine,0.71429
envelope,envelop,0.875
envelope,enveloppe,0.88889
vaseline,vaseline,1
we,we,1
broad,breed,0.6
international,internationaal,0.92857
buffalo,buffel,0.71429
gold,goud,0.75
include,insluiten,0.55556
include,inhouden,0.625
dandy,dandy,1
sensation,sensatie,0.77778
electron,elektron,0.875
spook,spook,1
artery,arterie,0.71429
tenderness,tederheid,0.6
session,sessie,0.71429
friendliness,vriendelijkheid,0.53333
sap,sap,1
folk,volk,0.75
capital,kapitaal,0.75
ammunition,munitie,0.6
kangaroo,kangoeroe,0.66667
explore,exploreren,0.7
sexy,sexy,1
metro,metro,1
metre,metrum,0.66667
metre,meter,0.6
spinet,spinet,1
summation,sommatie,0.66667
stream,stroom,0.66667
consumption,consumptie,0.81818
attribute,attribuut,0.77778
snobbish,snobistisch,0.63636
musician,musicus,0.625
infection,infectie,0.77778
brochure,brochure,1
stroke,strelen,0.57143
stroke,strijken,0.625
primitive,primitief,0.77778
sinister,sinister,1
calculation,calculatie,0.81818
provoke,provoceren,0.6
goldsmith,goudsmid,0.66667
panic,paniek,0.66667
beige,beige,1
tact,tact,1
ethnic,etnisch,0.57143
psychedelic,psychedelisch,0.84615
light,licht,0.8
superior,superieur,0.77778
complicate,compliceren,0.72727
nostalgia,nostalgie,0.88889
turban,tulband,0.71429
orange,oranje,0.83333
sweden,zweden,0.83333
adornment,ornament,0.66667
crash,krach,0.6
crash,crashen,0.71429
orthodox,orthodox,1
citrus,citrusfruit,0.54545
material,materiaal,0.88889
material,materieel,0.77778
ambition,ambitie,0.75
easel,ezel,0.6
feast,feest,0.8
dogmatic,dogmatisch,0.8
cocoon,cocon,0.83333
economy,economie,0.75
category,categorie,0.77778
cocktail,cocktail,1
sentiment,sentiment,1
ejaculate,ejaculeren,0.7
chaos,chaos,1
fascist,fascist,1
fascist,fascistisch,0.63636
attentively,attent,0.54545
sort,soort,0.8
microphone,microfoon,0.7
organic,organisch,0.77778
fascism,fascisme,0.875
conversation,conversatie,0.83333
produce,produceren,0.7
bouquet,bouquet,1
bouquet,boeket,0.57143
echo,echoën,0.57143
echo,echo,1
listless,lusteloos,0.55556
accent,accentueren,0.54545
accent,accent,1
slide,glijden,0.57143
shell,schelp,0.66667
academy,academie,0.75
july,juli,0.75
congenital,congenitaal,0.90909
holland,holland,1
individual,individueel,0.81818
individual,individu,0.8
sculpture,sculptuur,0.77778
catholic,katholiek,0.66667
vegetation,vegetatie,0.8
centre,centrum,0.71429
siphon,sifon,0.66667
emancipation,emancipatie,0.83333
delve,delven,0.83333
class,klas,0.6
class,klasse,0.66667
subjective,subjectief,0.8
weekly,weekblad,0.625
utter,uiten,0.6
chicken,kieken,0.57143
chicken,kuiken,0.57143
debate,debat,0.83333
debate,debatteren,0.6
herald,heraut,0.66667
piano,piano,1
local,lokaal,0.66667
cuba,cuba,1
penetrate,penetreren,0.7
spur,spoor,0.6
rite,ritus,0.6
rite,rite,1
ghetto,getto,0.83333
champagne,champagne,1
kneel,knielen,0.57143
vibrate,vibreren,0.625
ebb,eb,0.66667
violet,violet,1
hooter,toeter,0.66667
crude,cru,0.6
torpedo,torpedo,1
exam,examen,0.66667
amen,amen,1
hypothesis,hypothese,0.8
grain,graan,0.8
polka,polka,1
respect,respecteren,0.63636
respect,respect,1
motorbike,motorfiets,0.6
motorbike,motor,0.55556
second,seconde,0.85714
decent,decent,1
nickel,nikkel,0.83333
puberty,puberteit,0.66667
repetition,repetitie,0.8
corset,korset,0.83333
vanilla,vanille,0.85714
will,wil,0.75
fingertip,vingertop,0.77778
wild,wild,1
whirlpool,whirlpool,1
gothic,gotisch,0.57143
buddhism,boeddhisme,0.7
geographical,geografisch,0.58333
inch,inch,1
disciple,discipel,0.75
slave,slavin,0.66667
slave,slaaf,0.6
diploma,diploma,1
automation,automatisering,0.64286
beast,beest,0.8
student,studente,0.875
student,student,1
pedal,pedaal,0.83333
excessive,excessief,0.77778
rocket,raket,0.66667
camel,kameel,0.66667
camel,kemel,0.6
panther,panter,0.85714
drunk,dronken,0.57143
hall,hal,0.75
simple,simpel,0.66667
stable,stal,0.66667
stable,stabiel,0.71429
ski,ski,1
identical,identiek,0.66667
term,term,1
term,termijn,0.57143
term,vakterm,0.57143
press,pers,0.6
doughnut,donut,0.625
pamphlet,pamflet,0.75
miami,miami,1
ticket,ticket,1
loser,loser,1
cutlet,kotelet,0.57143
pantomime,pantomime,1
sequence,sequentie,0.77778
export,exporteren,0.6
export,export,1
leak,lek,0.75
hovercraft,hovercraft,1
leader,geleider,0.625
leader,leider,0.83333
slut,slet,0.75
pasta,pasta,1
paste,pasta,0.8
column,colonne,0.57143
column,column,1
universe,universum,0.77778
biscuit,biscuit,1
sweat,zweet,0.6
udder,uier,0.6
wilderness,wildernis,0.8
gape,gapen,0.8
maize,mais,0.6
sabre,sabel,0.6
transfer,transfer,1
transfer,transfereren,0.66667
dynamite,dynamiet,0.75
beard,baard,0.8
jury,jury,1
volume,volume,1
sphinx,sfinx,0.66667
record,record,1
cake,cake,1
demonstrate,demonstreren,0.75
abbot,abt,0.6
diplomat,diplomaat,0.88889
book,boek,0.75
amusement,amusement,1
branch,branche,0.85714
conclusion,conclusie,0.8
lance,lans,0.6
hacker,hacker,1
june,juni,0.75
frustrate,frustreren,0.7
union,unie,0.6
cliff,klif,0.6
philately,filatelie,0.55556
space,spatie,0.66667
irony,ironie,0.66667
